	PPEE	PPDE	PostFC	RealFC	data.libraries..SmLE.PZQ.ER.RNA.adu.f.1.SmLE.PZQ.ER.RNA.adu.f.1_rsem.isoforms.results_Mean	data.libraries..SmLE.PZQ.ES.RNA.adu.f.1.SmLE.PZQ.ES.RNA.adu.f.1_rsem.isoforms.results_Mean	GFF_annotation	HHPred_annotation
transcript:Smp_004630.2	1.26921781784528e-06	0.999998730782182	0.300774010102099	0.296876016282165	30.9647336076789	104.325587615266	CMP-sialic acid transporter	Protein EMRE
transcript:Smp_005140.1	0.0499256766338095	0.95007432336619	0.371889454698866	0.351673602319987	6.34535548053548	18.0617444772916	Hemicentin-1	Thrombospondin 1
transcript:Smp_005190.1	0.000435977459577908	0.999564022540422	2.39047444637854	2.40573015883896	127.526202161803	53.0035109680604	Mitogen-activated protein kinase kinase kinase kinase 5	Serine/threonine-protein kinase 3
transcript:Smp_006750.1	0.00256270778791245	0.997437292212088	0.282459727523871	0.27480471626772	14.9723755720036	54.5100816619445	DNA damage-regulated autophagy modulator protein 1	Hypothetical protein AT5G08430
transcript:Smp_008830.1	0	1	2.82943559635944	2.83236081757553	1030.28843093211	363.74959748449	Probable global transcription activator SNF2L1	Chromo domain-containing protein 1
transcript:Smp_008830.2	0	1	0.00237864736331153	0.00104809769524876	0.447080255150941	436.094627672572	Probable global transcription activator SNF2L1	Chromo domain-containing protein 1
transcript:Smp_009540.3	1.28833723500588e-06	0.999998711662765	0.365976026322712	0.362872597425869	43.109538453533	118.818312634827	PE-PGRS family protein PE_PGRS18	NHL, brain tumor CG10719-PA
transcript:Smp_009990.1	0.00183038035672367	0.998169619643276	2.6146836346279	2.65269719612946	65.5279135767231	24.6961419872382	Receptor protein-tyrosine kinase	Insulin receptor
transcript:Smp_014840.2	7.06892312796192e-06	0.999992931076872	52.9556770672784	3074.91809399737	30.7391809399737	0	Transcriptional coactivator YAP1	YAP65, 65 kDa YES-associated protein
transcript:Smp_016640.3	0.0394665126244033	0.960533487375597	0.304202936248495	0.299359051140333	25.001353927936	83.5396833406624	Putative acid phosphatase 5	Prostatic acid phosphatase
transcript:Smp_018400.3	0.0200341328603849	0.979965867139615	0.421455531140901	0.410572630056078	12.6851579557836	30.9106143479405	Probable cytosolic iron-sulfur protein assembly protein CIAO1 homolog	Protein CIAO1
transcript:Smp_020450.2	0	1	20.6766604074645	21.536629208777	286.60734954644	13.2983662614033	UBX domain-containing protein 6	UBX domain-containing protein 2
transcript:Smp_024180.2	0	1	114.850196795937	6736.86025032482	67.3586025032482	0	Placenta-specific gene 8 protein	Protein TAT
transcript:Smp_025550.3	2.70587294570745e-07	0.999999729412705	34.2173777082189	114.907977613527	27.5036768222906	0.229440963053305	Protein arginine N-methyltransferase 7	Protein arginine N-methyltransferase 7
transcript:Smp_025560.2	0	1	86.9689349513507	5087.28661169103	50.8628661169103	0	BUB3-interacting and GLEBS motif-containing protein ZNF207	ADR1
transcript:Smp_029800.1	0.000288923900406468	0.999711076099594	2.70980375870874	2.72475285683556	181.255202918688	66.5153740220695	Band 4.1-like protein 5	Protein 4.1
transcript:Smp_030260.1	0	1	2.07283731343769	2.07608043437012	399.447842700356	192.399617704216	HIG1 domain-containing protein C25B8.07c, mitochondrial	HIG1 domain family member 1B
transcript:Smp_039750.1	0.0315765053763324	0.968423494623668	10.1258962469519	13.95120640867	19.3487221720499	1.37760201841895	Glycogen phosphorylase, liver form	Yeast glycogen phosphorylase
transcript:Smp_039750.2	0	1	0.0215853956276047	0.0158334433018337	1.5565312763422	98.9281302903821	Glycogen phosphorylase, liver form	Yeast glycogen phosphorylase
transcript:Smp_039750.3	1.53307774575229e-06	0.999998466922254	2.03398108276771	2.04431374640881	118.978201485904	58.1944716447891	Glycogen phosphorylase, liver form	Yeast glycogen phosphorylase
transcript:Smp_040960.1	0	1	0.492889389708031	0.492105666141234	185.195639482404	376.343397705545	Zinc finger protein 90 homolog	Protein (transcription factor IIIA)
transcript:Smp_041480.3	5.94802857890597e-05	0.999940519714211	0.450839993558199	0.449011876872806	78.4428757797184	174.713386664318	Myelin expression factor 2	Nuclear and cytoplasmic polyadenylated RNA-bindin PUB1
transcript:Smp_047870.1	0.00124736584819385	0.998752634151806	0.485093163846238	0.483961003639985	128.012761413507	264.521151168415	LIM domain kinase 1	LIMK-1, LIM domain kinase 1
transcript:Smp_048430.1	4.67736960274578e-11	0.999999999953226	2.35619438373191	2.3580232547134	1017.04164449849	431.305358093067	thioredoxin glutathione reductase	Thioredoxin glutathione reductase
transcript:Smp_049140.3	0	1	2.48135014797453	2.48758646676219	343.677433861211	138.151000010805	Protein-glutamate O-methyltransferase	UPF0364 protein YMR027W
transcript:Smp_061840.3	0	1	0.00725994017348785	0.000123590342031528	0	80.9024712790987	RAD50-interacting protein 1	Protein transport protein TIP20
transcript:Smp_062080.1	8.04578625945851e-13	0.999999999999195	0.141149095570216	0.128026698268385	4.86372690580869	38.0580512090673	Serpin B10	Serpin K
transcript:Smp_069380.1	0	1	107.683902509023	6312.87190258509	63.1187190258509	0	Histone deacetylase 5	HD7A, histone deacetylase 7A
transcript:Smp_071550.3	0.000820969168384589	0.999179030831615	0.121423108138738	0.107243467070318	3.85492823895885	36.0288221729597	Vacuolar protein sorting-associated protein 16B	Putative vacuolar protein sorting-associated PROT
transcript:Smp_071880.5	1.59888691014798e-05	0.999984011130899	0.433663590438016	0.430522899883101	45.1445628045459	104.873068512283	SAGA-associated factor 29	SAGA-associated factor 29 homolog
transcript:Smp_072980.1	0	1	2.3180340717039	2.31859934341517	3144.4867035155	1356.1952937028	Eukaryotic elongation factor 2 kinase	MHCK-A, myosin heavy chain kinase A
transcript:Smp_073510.2	9.57289916447834e-06	0.999990427100836	0.139102361405831	0.116674325844858	2.59490344933077	22.316278129042	Dual specificity mitogen-activated protein kinase kinase 6	Dual specificity mitogen-activated protein kinase
transcript:Smp_082780.1	1.39919020858414e-06	0.999998600809791	14.6325807070046	18.6148675902301	37.0547892977273	1.98113902465686	Neural Wiskott-Aldrich syndrome protein	N-WAsp, wiskott-aldrich syndrome protien interacting PROT neural wiskott-aldrich syndrome...
transcript:Smp_086030.1	1.501643254187e-10	0.999999999849836	0.457659286629991	0.457430579270525	630.908572772008	1379.25627856438	Protein phosphatase 1 regulatory subunit 42	Internalin B
transcript:Smp_092950.2	0	1	0.00226100195353694	3.83008201064358e-05	0	261.081015080371	SUN domain-containing ossification factor	SUN domain-containing protein 2
transcript:Smp_093720.1	0	1	7.64725498946962	8.19786162670603	57.5548702409609	7.01193728830856	Uncharacterized protein C1orf50 homolog	Uncharacterized protein APC35924
transcript:Smp_093930.2	0.00191732376806242	0.998082676231938	4.08179008848175	4.11964247166204	195.075685157086	47.3450038623571	Receptor protein-tyrosine kinase	C-ER, receptor protein-tyrosine kinase ERBB-3
transcript:Smp_105950.1	0.0223119548026224	0.977688045197378	0.196573590004317	0.1829776697948	6.27914545465866	34.3611091179138	Armadillo repeat-containing protein 3	Catenin beta-1, beta-catenin
transcript:Smp_114430.5	0.00214325884945121	0.997856741150549	0.356719406290039	0.346133846838525	12.2245148791628	35.3361962501179	Spermatogenesis-associated serine-rich protein 1	Uncharacterized protein
transcript:Smp_114870.1	1.91830643592183e-08	0.999999980816936	8.86895570272608	9.68663395224267	54.2105094179756	5.58745621495508	tRNA (guanine-N(1)-)-methyltransferase	TRAO protein
transcript:Smp_120020.1	5.20519780611295e-08	0.999999947948022	6.82511299814323	7.27455259346483	54.8297368052139	7.52857176790222	tpa: transposase domain-containing protein	TRAO protein
transcript:Smp_121920.1	0	1	2.12947144689185	2.13651216683513	199.341545530324	93.2970022370282	Synaptic vesicular amine transporter	Glycerol-3-phosphate transporter
transcript:Smp_121950.2	1.98916993987552e-10	0.999999999801083	0.184156697159363	0.176551039232483	11.0052990615752	62.3815843795752	4-hydroxy-3-methylbut-2-en-1-yl diphosphate synthase (flavodoxin)	Thioredoxin-interacting protein
transcript:Smp_123010.1	0.00568227386186604	0.994317726138134	0.194930422712785	0.191934045863852	29.9847364766622	156.266268452857	High affinity cationic amino acid transporter 1	Uncharacterized protein MJ0609
transcript:Smp_124030.3	6.8539303121895e-09	0.99999999314607	0.269609823467598	0.266410705880277	35.3679320491342	132.784708576887	Probable ribosomal RNA small subunit methyltransferase A	ATP synthase subunits region ORF 6
transcript:Smp_126210.2	0.0353744376098688	0.964625562390131	0.396435693521908	0.394565191793686	74.0425903066022	187.671508269801	Hypothetical protein	YENC2
transcript:Smp_126450.3	0.00564905258522319	0.994350947414777	0.208812008157662	0.203114057410537	16.394274507901	80.7538561162925	ATP-binding cassette sub-family G member 2	Asabf
transcript:Smp_126800.3	0	1	78.2766723522832	4573.01551006625	45.7201551006625	0	Rho GTPase-activating protein 39	Inositol polyphosphate 5-phosphatase OCRL-1
transcript:Smp_128190.2	0.0282455248719196	0.97175447512808	4.82546881485849	4.99461374004082	65.69276572485	13.1447240977063	Phage-like element PBSX protein XkdC	Transport activator
transcript:Smp_128690.4	0.0130606930046913	0.986939306995309	11.9138113824917	22.1926289007647	13.6956011445806	0.607574475104586	Glycine dehydrogenase (decarboxylating), mitochondrial	Glycine dehydrogenase [decarboxylating]
transcript:Smp_129110.1	0.0244023294710842	0.975597670528916	0.384455795632215	0.381462775676245	45.6207753968266	119.610519501369	Fanconi-associated nuclease 1 homolog	FADD protein
transcript:Smp_129640.3	3.33066907387547e-16	1	0.283992916811557	0.278316874233549	20.4105418811764	73.3615551290668	FERM, RhoGEF and pleckstrin domain-containing protein 1	FERM, rhogef and pleckstrin domain-containing Pro
transcript:Smp_130450.2	1.53899731403229e-07	0.999999846100269	0.344959857455741	0.340194932534302	27.1916810291622	79.9491011733235	Protein bicaudal C homolog 1	Defective in GERM LINE development protein 3, ISO
transcript:Smp_130790.1	0.0263602295781973	0.973639770421803	2.12590202433241	2.13756243214847	120.039876688328	56.1520446181145	HBS1-like protein	EF-1-alpha, elongation factor 1-alpha, EF-TU, TUF-1
transcript:Smp_131250.2	0.0123039198838694	0.987696080116131	2.25694598604453	2.28820384035216	53.5090274829864	23.3790995807217	Protein NDRG1	Epoxide hydrolase EPHB
transcript:Smp_131360.1	0.0147613583932446	0.985238641606755	0.121632746469153	0.11839546090978	18.6747042968686	157.806052687246	ATP-dependent RNA helicase DDX24	PRE-mRNA-processing ATP-dependent RNA helicase PR
transcript:Smp_131390.1	0.0115138366057461	0.988486163394254	3.96987429456583	4.01009032073124	172.235988882977	42.9431444697157	PH-interacting protein	Eukaryotic translation initiation factor 3 subuni
transcript:Smp_131870.1	0.00800928858666561	0.991990711413334	0.272533514358699	0.267897244637935	24.4394218262918	91.2541780221945	Protein ROP	Syntaxin-binding protein 2
transcript:Smp_133590.2	0.0366856106891928	0.963314389310807	51.5042139865897	2989.04338543145	29.8804338543145	0	C2 domain-containing protein 5	Dysferlin
transcript:Smp_134230.2	0.0160317416416903	0.98396825835831	0.357964777404382	0.347265586394789	12.1106444314488	34.8930969560844	Geranylgeranyl pyrophosphate synthase	Geranylgeranyl pyrophosphate synthetase
transcript:Smp_134530.1	1.86323290130019e-10	0.999999999813677	3.78452466337567	3.82444274410649	155.159239044991	40.5630323153899	Solute carrier organic anion transporter family member 5A1	Nitrate transporter 1.1
transcript:Smp_136310.2	0.0444311633507621	0.955568836649238	0.369650903591761	0.358608971458526	11.8972990631734	33.1941304341726	Sodium/bile acid cotransporter	Transporter, ASBTNM
transcript:Smp_136540.3	8.938244083323e-06	0.999991061755917	42.766102130622	1065.97099414724	25.2982884547027	0.0137420047953077	DnaJ homolog subfamily B member 6	Beta-glucuronidase
transcript:Smp_137660.1	1.55033735983467e-05	0.999984496626402	2.23791313220051	2.24768153941245	165.66510072188	73.6993301772581	Kinesin-like protein KIF20A	Kinesin-2
transcript:Smp_137890.1	0	1	21.6615855637439	25.1228240073001	87.2181443239546	3.46206764249942	ATP-binding cassette sub-family G member 2	Uncharacterized ABC transporter ATP-binding prote
transcript:Smp_137890.2	0	1	8.75077214188603	9.13962154193988	105.951427184871	11.5836340141258	ATP-binding cassette sub-family G member 2	Uncharacterized ABC transporter ATP-binding prote
transcript:Smp_138850.1	0.000301142273783528	0.999698857726216	0.314877733975835	0.305349944943882	12.7611452977693	41.8146196183739	Hypothetical protein	Hematopoietic SH2 domain containing
transcript:Smp_140370.1	0.0241329175800323	0.975867082419968	0.468678538723128	0.463257603462044	26.3995951608823	56.9984440352767	Phosphatidylinositol 3,4,5-trisphosphate 3-phosphatase TPTE2	Mature capsid protein gamma
transcript:Smp_140510.1	0.00109901976857807	0.998900980231422	2.05045110808112	2.05245900375835	624.537163239636	304.282150097029	TLC domain-containing protein 2	Transcriptional activator, putative
transcript:Smp_140580.1	0.0254182836070334	0.974581716392967	2.32195802384905	2.36228329343426	45.0331147389018	19.0576177002542	[Pyruvate dehydrogenase (acetyl-transferring)] kinase, mitochondrial	[pyruvate dehydrogenase [lipoamide]] kinase isozy
transcript:Smp_141010.1	0.000105996729441338	0.999894003270559	62.4702981797554	101.760544461274	92.5910776388056	0.899989997882194	Dysferlin	Synaptotagmin-1
transcript:Smp_141010.4	2.46093163069894e-07	0.999999753906837	39.9692842281494	2306.58804466967	23.0558804466967	0	Dysferlin	Synaptotagmin-1
transcript:Smp_141010.5	6.86310067998797e-07	0.999999313689932	0.00966315552424872	0.00392967127046547	0.384799491478806	100.456289495009	Dysferlin	Synaptotagmin-1
transcript:Smp_141140.5	0.0131704423179417	0.986829557682058	0.379783844961681	0.372079640558562	17.4123700816642	46.8143036773254	Arginine/serine-rich coiled-coil protein 2	WAsp, wiskott-aldrich syndrome protein
transcript:Smp_141150.1	2.77888823063677e-13	0.999999999999722	0.169332823751126	0.166238795066256	25.9491905556828	156.146031721335	Phospholipase DDHD1	Dienelactone hydrolase
transcript:Smp_142780.1	0.00472242335769801	0.995277576642302	3.00133367619295	3.160373321293	23.1217527951838	7.30931023443773	Retinoblastoma-binding protein 5	Eukaryotic translation initiation factor 3 subuni
transcript:Smp_143260.2	1.05527234728342e-08	0.999999989447277	8.08203973140328	8.92946676283277	43.3947861623781	4.8508486167441	Hypothetical protein	Axonin-1
transcript:Smp_143350.2	0.0144240715118463	0.985575928488154	0.0827023204424351	0.0714461559787714	3.37652887117439	47.3897351541294	Hypothetical protein	Cyclic-nucleotide-gated olfactory channel
transcript:Smp_143960.3	0.0130934995618788	0.986906500438121	0.294418648890422	0.27965405801163	7.76325387636101	27.7859630967978	Hypothetical protein	R-snare NYV1P, V-snare component of the vacuolar snare complex involved in vesicle fusion
transcript:Smp_143980.2	5.69256927024364e-05	0.999943074307298	4.45950955057462	4.48258059082496	390.949268524325	87.2074544557099	Hypothetical protein	Epidermal growth factor receptor
transcript:Smp_144180.3	8.32667268468867e-15	0.999999999999992	0.0196437350970146	0.00033855855996377	0	29.5269876368512	Histone-lysine N-methyltransferase 2A	Histone-lysine N-methyltransferase HRX
transcript:Smp_145410.1	7.26318994491715e-05	0.999927368100551	2.31125353571957	2.3323629949891	84.2578194237027	36.1198046679464	Hypothetical protein	OMTX3
transcript:Smp_145600.1	0	1	0.0100148937092108	0.00017095592188264	0	58.4846101303525	Non-canonical poly(A) RNA polymerase PAPD5	Poly(A) RNA polymerase protein 2
transcript:Smp_147150.2	0.000610963330249126	0.999389036669751	2.60124612224796	2.62403568183126	107.227812172842	40.8575129364104	Heterogeneous nuclear ribonucleoprotein C	RNA-binding protein RALY
transcript:Smp_147240.5	0.000547283415679001	0.999452716584321	0.255777549192699	0.247853422642767	13.5294909121679	54.6170080429045	Mitogen-activated protein kinase-binding protein 1	Echinoderm microtubule-associated protein-like 1
transcript:Smp_147330.1	0.00939882856160856	0.990601171438391	0.439564600598664	0.436309275625332	43.6799658626879	100.125312961362	Epidermal growth factor receptor	Zinc finger BED domain containing protein 1
transcript:Smp_147590.4	0.0459630104609787	0.954036989539021	12.5520345360957	16.3701358223916	28.7984151112162	1.74981527726918	Hypothetical protein	Flagellar regulatory protein C
transcript:Smp_147970.3	0.000196299628930863	0.999803700371069	0.473851056833199	0.469307603130431	31.6008544917623	67.3463655924342	Kinesin-like protein KIF14	KIF13B protein
transcript:Smp_148070.3	0.000647209305313257	0.999352790694687	5.46474515514187	5.51260973096165	299.075774920289	54.2448428996287	Exocyst complex component 5	PH0318, 433AA long hypothetical phosphoribosylglycinamide transferase
transcript:Smp_148120.2	0.0190057900562831	0.980994209943717	0.396762306529626	0.392835900335706	35.0943119119855	89.3512622522186	Protein SCAF8	RNA-binding protein 16
transcript:Smp_148460.1	4.29389857004026e-12	0.999999999995706	0.0213166016516919	0.000368007451604866	0	27.1633628120582	Neurofibromin	NF1-333, protein (neurofibromin)
transcript:Smp_148660.1	1.86095583387669e-12	0.999999999998139	0.205990370290129	0.198905715378399	12.956130284339	65.1773188242588	DNA ligase 4	DNA ligase 4
transcript:Smp_148660.2	2.97567289557765e-05	0.999970243271044	2.06567610308423	2.07364789612319	161.225354782057	77.7444515071708	DNA ligase 4	DNA ligase 4
transcript:Smp_149050.1	0.00117498754546519	0.998825012454535	0.338769681092634	0.325949303745614	9.76818069292001	29.9890844605434	Endoplasmic reticulum lectin 1	Protein OS-9
transcript:Smp_152350.1	2.81338921692686e-05	0.999971866107831	0.196967586933627	0.190916547820356	14.7267846755391	77.1796666045194	Potassium voltage-gated channel subfamily H member 6	MLL3241 protein
transcript:Smp_152350.2	1.52467594105588e-10	0.999999999847532	8.1146778182883	8.66341409794696	65.3236147571123	7.53132424220551	Potassium voltage-gated channel subfamily H member 6	MLL3241 protein
transcript:Smp_153480.3	0.000454954099688876	0.999545045900311	0.342886557112615	0.342138995432827	174.915025798613	511.258894027475	Solute carrier family 12 member 9	Na-K-CL cotransporter
transcript:Smp_153710.1	0.0413580185488757	0.958641981451124	0.472630338386774	0.466322284427838	22.6657657829979	48.6168114139566	MutS protein homolog 5	DNA mismatch repair protein MUTS
transcript:Smp_155050.2	1.19796284003826e-10	0.999999999880204	51.2468346434435	2973.81573246691	29.7281573246691	0	Agrin	Follistatin
transcript:Smp_155810.1	5.3179682879545e-14	0.999999999999947	0.219448240643893	0.219338526054638	907.618858875185	4138.01752850218	Protocadherin-11 X-linked	EP-cadherin, C-cadherin
transcript:Smp_158560.2	1.13132893053702e-08	0.999999988686711	3.1398040166545	3.17051634130434	128.473498785516	40.5144713965606	Serine/threonine-protein kinase MRCK alpha	Serine/threonine-protein kinase MRCK alpha
transcript:Smp_159070.3	5.18033393959172e-11	0.999999999948197	0.0180587131740298	0.000310747054014799	0	32.1705142504223	Hypothetical protein	UDP-glucuronosyltransferase 2B7
transcript:Smp_160490.1	0	1	2.25218863329122	2.25600046373357	431.04374016774	191.059881011623	Ankyrin repeat and MYND domain-containing protein 1	Notch homolog 1, translocation-associated (drosophila)
transcript:Smp_161110.4	5.30964272549284e-10	0.999999999469036	0.0163956546511445	0.000281660988872266	0	35.4936742576198	FH1/FH2 domain-containing protein 3	FH1/FH2 domain-containing protein 1
transcript:Smp_161140.1	0.013656788440279	0.986343211559721	2.74626411229123	2.78083115308149	81.7005995143873	29.3735170193063	Potassium voltage-gated channel subfamily H member 6	MLL3241 protein
transcript:Smp_161140.3	0.0174017347370158	0.982598265262984	0.283159662219454	0.277397391604591	20.0618410287621	72.3477136492076	Potassium voltage-gated channel subfamily H member 2	MLL3241 protein
transcript:Smp_161370.2	0.041031607651579	0.958968392348421	4.40851123345032	5.38264249425936	10.9446582859641	2.02518221721902	Hypothetical protein	Calcium/calmodulin-dependent kinase II associatio
transcript:Smp_161560.3	0.00459078994299977	0.995409210057	0.370245642363396	0.367589896174707	50.689564647841	137.914260637851	Uncharacterized protein C2orf16	AGR_C_4178P, hypothetical protein ATU2299
transcript:Smp_162380.2	3.24296145493008e-13	0.999999999999676	0.318522286548254	0.31268772753499	21.2327387023838	67.9259528109611	Isoamyl acetate-hydrolyzing esterase 1 homolog	Isoamyl acetate-hydrolyzing esterase
transcript:Smp_162890.1	1.09472591997006e-05	0.9999890527408	0.45456637759936	0.452208785568258	60.841080851295	134.554127883601	Peptidyl-prolyl cis-trans isomerase NIMA-interacting 1	Peptidyl-prolyl CIS-trans isomerase NIMA-interact
transcript:Smp_162910.3	0.0363204020381956	0.963679597961804	32.2603319879188	1850.49375209946	18.4949375209946	0	Putative glycerophosphocholine phosphodiesterase GPCPD1 homolog 1	Putative glycerophosphodiester phosphodiesterase
transcript:Smp_164040.2	2.24465442409949e-05	0.999977553455759	0.481033390848917	0.478437500268709	55.6232326546718	116.271087129303	Tegument protein UL46 homolog	Pheromone, ER-23
transcript:Smp_164270.2	0	1	0.00555560688734089	9.44171125648e-05	0	105.903003780293	Down syndrome cell adhesion molecule homolog	DOWN syndrome cell adhesion molecule (dscam) ISOF 1.30.30, N-terminal eight IG domains...
transcript:Smp_165980.2	0.017163871897474	0.982836128102526	0.454599654586731	0.444365194991152	13.7635718337612	30.9860635734207	DNA-directed RNA polymerase III subunit RPC6	RK-1 defensin, alpha-defisin
transcript:Smp_167020.1	7.58404891922915e-05	0.999924159510808	0.495846611716144	0.495113198143321	197.948566802386	399.814863374138	Uncharacterized protein C3orf67 homolog	Zinc finger protein ZFPM1
transcript:Smp_167650.1	7.02474745040149e-11	0.999999999929753	0.0178067700739256	0.000306334472992718	0	32.6340570083593	Rho guanine nucleotide exchange factor 17	XPLN, RHO guanine nucleotide exchange factor 3
transcript:Smp_169940.3	0.0126108628413758	0.987389137158624	0.143936204345975	0.137302655432888	10.2961196773573	75.0513281648794	Hypothetical protein	Mterf domain-containing protein 2
transcript:Smp_170150.3	0.0380063119343542	0.961993688065646	3.21002722640724	3.33646321918927	33.911050441984	10.1567688847553	Hypothetical protein	E3 ubiquitin-protein ligase ARIH1
transcript:Smp_170540.1	0.000189305479585289	0.999810694520415	2.91957470756406	2.93160393580835	272.090036395162	92.8060973832689	Arginine-glutamic acid dipeptide repeats protein	Polybromo, polybromo 1 protein
transcript:Smp_170910.1	0.0109331469704549	0.989066853029545	3.03471198114129	3.05416305934771	185.816450931204	60.833657434221	Transcription factor RFX3	MHC class II transcription factor HRFX1
transcript:Smp_171170.3	0.00614498421698684	0.993855015783013	0.324897880823196	0.321391314884859	35.9796520518165	111.970785992024	U3 small nucleolar RNA-associated protein 21	Guanine nucleotide-exchange factor SEC12
transcript:Smp_171750.2	0.0121291661238924	0.987870833876108	4.76885981972885	4.88607435352021	91.368629786255	18.6918500282175	Axin-1	Axin 1 protein
transcript:Smp_172190.3	0.00454472127714045	0.99545527872286	2.35905226088233	2.36259210174926	527.580803180491	223.300152772399	N6-adenosine-methyltransferase subunit METTL14	Adenine-specific methyltransferase MBOIIA
transcript:Smp_173190.4	7.82946666872952e-05	0.999921705333313	102.097695923439	1631.71578021038	62.7176203073561	0.0284427368222598	Calcium-dependent secretion activator 1	MUNC13-1, protein UNC-13 homolog A
transcript:Smp_174310.1	0.0156728470750205	0.98432715292498	2.20939801629409	2.24006370147446	51.3746021026881	22.9289021699988	Transmembrane protein 94	PACS, cation-transporting ATPase, P-type
transcript:Smp_176490.3	0.0459805542807394	0.954019445719261	0.406619067014192	0.400511688073638	22.6234086387495	56.5012312891805	Transmembrane protease serine 2	Na-SLP-1, saposin-like protein
transcript:Smp_176780.1	0	1	0.0138088973385762	0.000236611509955698	0	42.2533708811222	Hypothetical protein	Phage-related conserved hypothetical protein
transcript:Smp_176820.2	4.32838968000837e-07	0.999999567161032	0.409262032673114	0.405179135110852	34.0880484591794	84.1454895215683	Probable G-protein coupled receptor Mth-like 4	Corticotropin-releasing factor receptor 1, T4-Lys chimeric construct
transcript:Smp_177290.1	3.18256824091145e-05	0.999968174317591	0.228984798719947	0.216477437382451	7.75186227020618	35.8452945011691	CDK5 regulatory subunit-associated protein 1	Protein TM_1862
transcript:Smp_181000.3	0.00534967943725939	0.994650320562741	0.350064219834358	0.342857031198906	17.973477157259	52.4418254573172	Ubiquitin thioesterase OTU1	OTU1, ubiquitin thioesterase OTU1
transcript:Smp_188430.2	0.00114839498179797	0.998851605018202	0.224730619235676	0.219685355414388	19.6247740654191	89.3667999618475	Glutathione synthetase	Glutathione synthetase
transcript:Smp_193750.1	4.07152081605133e-07	0.999999592847918	0.462689930603793	0.462018441109523	215.021021331434	465.406533623731	Protein ABHD11	Esterase YBFF
transcript:Smp_193750.2	1.26496590979741e-11	0.99999999998735	0.423218654977297	0.422584636874814	223.593862742553	529.123913613601	Protein ABHD11	Esterase YBFF
transcript:Smp_196300.2	5.41957338462407e-06	0.999994580426615	0.018559288674593	0.000319520838306797	0	31.2868633062931	FERM, RhoGEF and pleckstrin domain-containing protein 2	FERM, rhogef and pleckstrin domain-containing Pro
transcript:Smp_197070.2	0	1	0.376020993093961	0.375668793844925	387.107427870607	1030.46533948324	Kinesin-like protein KIF6	Kinesin, kinesin heavy chain
transcript:Smp_198940.3	0.00920276701095812	0.990797232989042	0.432808258574548	0.426987465118268	24.1901961159	56.6665961366032	Probable tRNA N6-adenosine threonylcarbamoyltransferase, mitochondrial	Glycoprotease, O-sialoglycoprotein endopeptidase/protein kinase
transcript:Smp_200610.1	4.42152473074664e-05	0.999955784752693	2.7750998693317	2.81466102840735	73.4474646630318	26.0881567306516	UPF0691 protein C9orf116 homolog	F17A-G adhesin
transcript:Smp_201970.1	0.00088516182616738	0.999114838173833	0.420559270864738	0.420350236955608	677.724545413723	1612.29917894141	Stress-activated protein kinase JNK-1	Putative tagatose-6-phosphate ketose/aldose isome
transcript:Smp_209030.1	0.0152260737357116	0.984773926264288	0.437429966481476	0.434834274401456	54.8054825416658	126.050629919568	Translation initiation factor eIF-2B subunit gamma	Putative acetyltransferase/acyltransferase
transcript:Smp_210770.1	0.00400295994250477	0.995997040057495	0.393768847850773	0.387616114188033	22.2040634081647	57.299442500083	Vacuolar protein sorting-associated protein 26	Vacuolar protein sorting 26
transcript:Smp_210810.2	0.0204612668853341	0.979538733114666	2.64443937799514	2.6530179105544	295.791993151167	111.486417711463	ATPase asna1	ATPase GET3
transcript:Smp_210900.4	7.61983223526164e-05	0.999923801677647	0.474600029682961	0.473173917428932	101.384215548289	214.275301479065	Calmodulin-lysine N-methyltransferase	CLNMT, CAM KMT, calmodulin-lysine N-methyltransferase
transcript:Smp_212350.2	0.0203105513800005	0.97968944862	2.77922802833426	2.84679569722367	43.5918610356706	15.3061187781031	Forkhead box protein P4	Forkhead box protein P2
transcript:Smp_212830.1	7.59642415637529e-09	0.999999992403576	2.03022187284177	2.03972576972544	128.59471268996	63.0400014260599	GATOR complex protein NPRL3	Activator of apoptosis harakiri
transcript:Smp_241990.3	0.013763019111272	0.986236980888728	0.341221375246987	0.325927516476072	8.15581433725636	25.0440808138728	33 kDa inner dynein arm light chain, axonemal	Anopheles plasmodium-responsive leucine-rich REPE 1
transcript:Smp_244190.2	0.000533711560674388	0.999466288439326	0.0772828011963627	0.0549442911548969	1.31005807440378	24.0153909306488	Multiple epidermal growth factor-like domains protein 10	ZONA pellucida 3
transcript:Smp_245320.2	0.0101645315669326	0.989835468433067	3.03304566273227	3.03925640521411	578.654715233389	190.386807008661	Glutamate [NMDA] receptor subunit 1	Receptor subunit GLUN1
transcript:Smp_245540.2	2.40946895768701e-09	0.999999997590531	0.0192802931811173	0.000332173638557784	0	30.0947369183706	Nucleolar protein 4-like	RNA polymerase sigma factor
transcript:Smp_246620.2	0.00576111495730536	0.994238885042695	0.0285857501050485	0.0150240347214189	0.615939664770502	41.6525544586993	Serine/threonine-protein kinase WNK1	Serine/threonine-protein kinase WNK1
transcript:Smp_247410.2	0	1	60.3367412733644	3511.61314055916	35.1061314055916	0	Hypothetical protein	Hbegf, heparin-binding epidermal growth factor
transcript:Smp_266820.2	0	1	99.0490396399374	5801.99681230192	58.0099681230192	0	Fibronectin type-III domain-containing protein 3A	Interleukin-6 receptor subunit beta
transcript:Smp_267300.1	4.04811843823794e-06	0.999995951881562	125.237756910435	186.858803458576	219.1161182437	1.16268287170787	acetyl-CoA C-acetyltransferase	Mcocc-1
transcript:Smp_301990.1	0	1	69.444359239185	4050.45842636111	40.4945842636111	0	Neurexin-1	Neurexin-1-alpha
transcript:Smp_302280.1	0	1	6.08876457504309	6.13428023382025	398.896569381597	65.0190749976334	Major egg antigen	TSP36, small heat shock protein
transcript:Smp_303270.1	0.00587391277684735	0.994126087223153	0.373606723609602	0.360807217946758	10.2603479587891	28.4549182387052	CD63 antigen	CD63-like protein SM-TSP-2
transcript:Smp_303570.1	0.0202282325546025	0.979771767445398	4.74543647629987	5.38583196177744	18.3115842266241	3.39181133697635	Storkhead-box protein 1	Transcriptional regulator, CRP/FNR family
transcript:Smp_304130.2	3.47011422255905e-05	0.999965298857774	36.7805374003694	2117.92826532742	21.1692826532742	0	E3 ubiquitin-protein ligase MARCH6	ERAD-associated E3 ubiquitin-protein ligase DOA10
transcript:Smp_305050.2	0	1	0.176813953655155	0.172762297738584	20.4059910031014	118.163879777832	Centrosomal protein of 131 kDa	Smooth muscle myosin heavy chain
transcript:Smp_305110.1	2.46234989910166e-05	0.999975376501009	0.157368504046819	0.1326320812352	2.61787938066769	19.8033012480412	Uncharacterized aminotransferase Mb2256c	Poliovirus 3A-N, genome polyprotein [core protein P3A]
transcript:Smp_306200.3	7.83755295428179e-05	0.999921624470457	36.2547077419306	2086.81795375661	20.8581795375661	0	Hypothetical protein	Subtilisin A
transcript:Smp_306740.1	0	1	0.47736453148579	0.476812397376827	262.507277315141	550.557222579307	Diphthine--ammonia ligase	N-type ATP pyrophosphatase superfamily
transcript:Smp_308100.2	0	1	76.9845384711775	4496.56739233978	44.9556739233978	0	Telomerase protein component 1	Actin interacting protein 1
transcript:Smp_308370.1	0	1	3.03609642035547	3.03632732028832	15573.2369772249	5128.96501964516	elongation factor 1-alpha	Elongation factor EEF1A
transcript:Smp_309360.2	8.05341133780502e-08	0.999999919465887	44.1112113577345	2551.64201117199	25.5064201117199	0	Sterol regulatory element-binding protein cleavage-activating protein	Polycomb protein EED
transcript:Smp_310040.1	7.2981689461904e-05	0.999927018310538	2.79009241655307	2.81216060903529	132.66981588545	47.1707390584871	Alpha-(1,6)-fucosyltransferase	Alpha-(1,6)-fucosyltransferase
transcript:Smp_310050.1	1.07403475002599e-09	0.999999998925965	3.41883570720122	3.44235086731931	205.943707978859	59.819377049889	Alpha-(1,6)-fucosyltransferase	Alpha-(1,6)-fucosyltransferase
transcript:Smp_310620.2	0.0486763459885119	0.951323654011488	0.188762676820893	0.163909259368396	3.10186929068919	18.975317258344	Hypothetical protein	Iceberg (protease inhibitor)
transcript:Smp_311740.1	0	1	0.434061677431333	0.43225553095133	78.7694135125228	182.241950227545	Kinesin-like protein KIF20A	Kinesin-2
transcript:Smp_311770.2	0.00807102880809929	0.991928971191901	3.0769714038875	3.27367848183918	20.0949317863214	6.13138862379247	Adenylate kinase isoenzyme 5	GTP:AMP phosphotransferase mitochondrial
transcript:Smp_314360.1	1.33089445319978e-06	0.999998669105547	0.108115450761842	0.10432821448909	14.2803894683922	136.965309492012	Phenylalanine--tRNA ligase alpha subunit	Phenylalanyl-tRNA synthetase alpha chain
transcript:Smp_314620.1	9.99200722162641e-16	0.999999999999999	0.456181988669026	0.454823366315615	105.879683441572	232.804959133152	Membrane-bound transcription factor site-1 protease	Protease CSPB
transcript:Smp_316760.1	0.0239492800364715	0.976050719963529	0.300268112402627	0.279468403288637	5.45843643271171	19.5572797653045	venom allergen-like (VAL) 3 protein	Venom allergen-like (Val) 4 protein
transcript:Smp_316780.1	3.94082299932652e-05	0.999960591770007	0.131696033535441	0.105348030664989	2.00932654549077	19.1581470716079	Conserved oligomeric Golgi complex subunit 4	COG4
transcript:Smp_317150.1	0	1	0.00379104415539868	6.43163197171976e-05	0	155.471533209154	Probable deferrochelatase/peroxidase YfeX	Melanin biosynthesis protein TYRA, putative
transcript:Smp_317210.1	4.42815611845226e-07	0.999999557184388	0.308850166946873	0.307166948563887	73.3504987697209	238.819402423362	Hypothetical protein	KTI11P
transcript:Smp_317670.1	0.00883186045201523	0.991168139547985	3.65713945252927	3.86312406644578	28.9750645584437	7.49301156781411	T-complex protein 11-like protein 1	Photosystem II 11 kDa protein
transcript:Smp_320770.1	6.19186774963865e-07	0.999999380813225	4.53162776604295	4.70831623119253	54.7279336560309	11.6157980492884	Uncharacterized oxidoreductase dhs-27	Hypothetical protein
transcript:Smp_320990.2	0	1	8.93977493302978	9.39326111721277	95.646960395117	10.1735730106373	Membrane-bound transcription factor site-1 protease	Protease CSPB
transcript:Smp_321530.1	2.80280243458719e-11	0.999999999971972	0.040834155900479	0.0249155043068871	0.863198859263267	35.0364051824108	Inhibitor of growth protein 4	ING 4, P29ING4, inhibitor of growth protein 4
transcript:Smp_321530.2	0.0174206317082015	0.982579368291798	4.31766198318966	4.76318974652772	20.6205732792474	4.32125161438021	Inhibitor of growth protein 4	ING 4, P29ING4, inhibitor of growth protein 4
transcript:Smp_324080.1	1.00862605478813e-06	0.999998991373945	6.30031566090082	6.8753139824073	36.8524116239733	5.35156046375447	Diphthine--ammonia ligase	N-type ATP pyrophosphatase superfamily
transcript:Smp_324080.2	0.000886619549977596	0.999113380450022	0.402872821046925	0.399726199985598	44.1105643513159	110.366963914063	L-rhamnose isomerase	YJGF protein
transcript:Smp_326480.1	0.00283623488003204	0.997163765119968	0.279667920523732	0.27959578191662	1623.86153474534	5807.91572625292	Exonuclease 3'-5' domain-containing protein 2	Uncharacterized protein YOHN
transcript:Smp_327130.1	2.88657986402541e-15	0.999999999999997	3.14586032204425	3.19862873993439	75.6466768590314	23.6428472074515	Hypothetical protein	TOP7 fold protein TOP7M13
transcript:Smp_329110.2	0.0417120436649436	0.958287956335056	2.30298935248253	2.36568249245305	28.5878478256745	12.0786247063614	Mitogen-activated protein kinase kinase kinase 1	NF-kappa-beta-inducing kinase
transcript:Smp_330160.1	4.44089209850063e-16	1	3.75367246918628	3.85769079316091	59.3899248375651	15.3877931416567	30S ribosomal protein S18, chloroplastic	Chromosome segregation protein SMC
transcript:Smp_331040.1	0.0189764580955843	0.981023541904416	2.60200151248946	2.67709783629063	33.2073159599876	12.3979574192975	Acid sphingomyelinase-like phosphodiesterase 3b	LMO2642 protein
transcript:Smp_331630.2	0.000446437275014144	0.999553562724986	0.46986933896241	0.469688110613965	799.129150099632	1701.4151202889	UPF0506 protein SJCHGC02965 (Fragment)	Maurocalcin, MCA
transcript:Smp_331900.1	3.69100860986293e-10	0.999999999630899	0.0500947752197064	0.0428237009975559	3.24403295363233	75.9767287934325	Hypothetical protein	Uncharacterized protein YETJ
transcript:Smp_332600.2	0.0107575418697872	0.989242458130213	0.220959231451593	0.211616770476582	10.253725432527	48.4914746676839	Hypothetical protein	Receptor-type tyrosine-protein phosphatase MU
transcript:Smp_332600.8	0.0407162654256404	0.95928373457436	2.07314000621375	2.08684159532902	95.0572607621832	45.5455711439587	Hypothetical protein	Meprin A subunit beta
transcript:Smp_332600.9	0.000548534926438471	0.999451465073562	2.27756445341487	2.29132413715524	123.731947777399	53.9945582250225	Hypothetical protein	Receptor-type tyrosine-protein phosphatase MU
transcript:Smp_332860.3	0.0119918146636222	0.988008185336378	0.490648535984616	0.489111575404535	94.2698365765438	192.747320246544	Rho GTPase-activating protein 1	P50-rhogap
transcript:Smp_334000.2	0	1	75.3016795115796	4397.00232269676	43.9600232269676	0	Small G protein signaling modulator 2	TBC1 domain family member 20
transcript:Smp_334310.2	1.337038257887e-10	0.999999999866296	61.6367016670365	3588.52430794543	35.8752430794543	0	Zinc finger and SCAN domain-containing protein 5B	Zinc finger protein GFI-1
transcript:Smp_334700.1	2.55573265706133e-06	0.999997444267343	19.7689771116858	65.0062685848557	15.6775563385874	0.23132374738768	Alpha-N-acetylgalactosaminidase	Alpha-galactosidase A
transcript:Smp_334750.2	0.00862602769425236	0.991373972305748	0.282230692867209	0.277937561522859	27.0180056379041	97.2348829507385	WD repeat-containing protein 48	Polycomb group ring finger protein 1
transcript:Smp_336180.1	0.00311321219821215	0.996886787801788	0.201897482869724	0.177382417071421	3.34886257837749	18.9257132112203	Leishmanolysin-like peptidase	Leishmanolysin
transcript:Smp_336180.5	1.976817765037e-08	0.999999980231822	0.112414878738697	0.105529307815585	7.90223535410586	74.9666630511087	Leishmanolysin-like peptidase	Leishmanolysin
transcript:Smp_336780.1	0.0486837841349086	0.951316215865091	0.1919734247469	0.138023793304848	1.19239502724741	8.70150544741021	Thrombospondin-4	BDNF/NT-3 growth factors receptor
transcript:Smp_337090.1	0	1	2.0707817279672	2.07366498368275	447.922355874905	215.999991681199	Ribosomal biogenesis protein LAS1L	Heat shock protein HSLJ
transcript:Smp_337610.2	0.000163515971528416	0.999836484028472	0.328916075875675	0.313727960442841	8.05273196376401	25.6897557768938	DNA repair protein RecO	Procaspase 9
transcript:Smp_337900.1	0.000324080407050675	0.999675919592949	2.95835474644862	3.05549249678737	35.8194874411279	11.7162560712553	NA	NA
transcript:Smp_340040.1	8.78449518793012e-07	0.999999121550481	0.487459624754219	0.483833614392243	39.7687497901512	82.205763036883	Cyclic nucleotide-binding domain-containing protein 2	CAMP-dependent protein kinase regulatory subunit
transcript:Smp_340320.1	0.000717027041201912	0.999282972958798	2.79242489658927	2.90563079025818	26.7489094052269	9.19932882971315	high voltage-activated calcium channel Cav2A	Navrh, ION transport protein
transcript:Smp_340680.2	0.0263484615235542	0.973651538476446	0.193839899546381	0.178225647030105	5.34212627359315	30.0200566320239	Methionine synthase reductase	MSR
transcript:Smp_341970.1	1.33781874467331e-13	0.999999999999866	0.16158348766589	0.160904084298887	115.482889336647	717.764752827985	Sphingosine 1-phosphate receptor 2	Imidazole glycerol phosphate synthase subunit His
transcript:Smp_342530.1	1.8378591981616e-09	0.999999998162141	5.95428873052828	6.44061732467808	38.1523450665288	5.91526199628484	Aromatic-L-amino-acid decarboxylase	HDC, histidine decarboxylase
transcript:Smp_343130.2	1.08801856413265e-13	0.999999999999891	68.3047489104755	3983.03424853758	39.8203424853758	0	Chondroitin sulfate proteoglycan 4	H-2KB, H-2 class I histocompatibility antigen, K-B alpha chain
transcript:Smp_343170.1	0.0374776870009724	0.962522312999028	0.436517407632449	0.434786751793921	82.3283471229737	189.366393791318	L-threonine ammonia-lyase	Biosynthetic threonine deaminase
transcript:Smp_343540.3	0.00215570069615922	0.997844299303841	0.431294695135772	0.426643894060606	30.3345778385691	71.1139004260977	Talin-1	Talin-1
transcript:Smp_343690.1	1.25514631243995e-07	0.999999874485369	0.395352176709513	0.394282346205316	129.6036972903	328.72319979385	Hypothetical protein	Semaphorin 3A
transcript:Smp_343760.1	9.71581635640373e-05	0.999902841836436	0.22364667998242	0.218638651011464	19.7040371780879	90.1572100833361	Hypothetical protein	Tripartite motif protein 32
transcript:Smp_343760.2	0.00339035971892354	0.996609640281076	2.29956197823328	2.31033450914079	162.100133342098	70.1573860216831	Hypothetical protein	Tripartite motif-containing protein 34
transcript:Smp_344090.1	0.0017256687663264	0.998274331233674	2.05262420128779	2.06843763300263	80.0739902472171	38.7071404007787	Double-strand-break repair protein rad21 homolog	Double-strand-break repair protein RAD21 homolog
transcript:Smp_344500.2	0.00315747368912378	0.996842526310876	0.200885542104949	0.183794529201387	4.98838628619607	27.1855117919709	Epidermal growth factor receptor	Protooncoprotein
transcript:Smp_344980.1	0.027153973093946	0.972846026906054	4.7027687098248	4.75397596478305	199.933882710999	42.048244339509	Myotubularin-related protein 13	Myotubularin-related protein 2
transcript:Smp_346640.1	0	1	0.0106269545080366	0.000181514208752124	0	55.0821058398023	Zinc finger protein Xfin	GLI-kruppel family member HKR3
transcript:Smp_347030.2	3.56951337616707e-05	0.999964304866238	0.283316964096368	0.275090685793362	13.9297717539239	50.6633687246502	Rho guanine nucleotide exchange factor 3	PDZ-rhogef, RHO guanine nucleotide exchange factor 11
transcript:Smp_328570.1	5.01973881185114e-05	0.999949802611881	7.73059430242253	7.98989872837188	120.615967229958	15.0873086556928	NA	NA
